Häufigste Suchanfragen,Klicks,Impressionen,CTR,Position
pferdewert,17,20,85%,1.1
wie viel ist mein pferd wert rechner,8,15,53.33%,5.53
wieviel ist mein pferd wert rechner,7,28,25%,7.18
wie viel ist mein pferd wert,6,29,20.69%,7.72
was ist mein pferd wert,4,22,18.18%,5.86
pferdepreis,1,21,4.76%,14.33
pferdebewertung,0,32,0%,1.62
pferde verkaufen,0,12,0%,44.42
pferde de,0,8,0%,68.62
pferde de pferdemarkt,0,7,0%,57.43
pferd kaufen günstig,0,6,0%,31.33
pferd verkaufen,0,4,0%,45
wie viel ist ein pferd wert,0,3,0%,44.67
pferdevergleich24 wie viel ist mein pferd wert,0,2,0%,10
verkauf von pferden,0,2,0%,50
prix cheval,0,1,0%,3
pferd kaufen billig,0,1,0%,30
pferd kaufen,0,1,0%,44
pferd de,0,1,0%,69
pferd kaufpreis,0,1,0%,75
pferde alter berechnen,0,1,0%,80